Action,without app,with app
jmeter_login_and_view_dashboard,627,571
jmeter_view_issue,285,222
jmeter_view_dashboard,413,421
jmeter_search_jql,723,676
jmeter_open_quick_create,96,84
jmeter_view_backlog,469,433
jmeter_create_issue,347,279
jmeter_view_project_summary,1009,366
jmeter_open_editor,104,100
jmeter_save_edit,447,438
jmeter_browse_projects,66,67
jmeter_open_comment,93,90
jmeter_save_comment,235,250
jmeter_browse_boards,89,84
jmeter_view_kanban_board,1120,1183
jmeter_view_scrum_board,227,197
selenium_login:open_login_page,105,106
selenium_login:login_and_view_dashboard,1205,1180
selenium_login,1303,1285
selenium_browse_projects_list,331,334
selenium_browse_boards_list,710,707
selenium_create_issue:open_quick_create,696,718
selenium_create_issue:fill_and_submit_issue_form:submit_issue_form,603,606
selenium_create_issue:fill_and_submit_issue_form,1152,1160
selenium_create_issue,1839,1865
selenium_edit_issue:open_edit_issue_form,624,635
selenium_edit_issue:save_edit_issue_form,562,617
selenium_edit_issue,1445,1509
selenium_save_comment:open_comment_form,380,394
selenium_save_comment:submit_form,818,820
selenium_save_comment,1318,1314
selenium_search_jql,1151,1151
selenium_view_scrum_board_backlog,599,601
selenium_view_scrum_board,979,993
selenium_view_kanban_board,1665,1652
selenium_view_dashboard,537,559
selenium_view_issue,655,673
selenium_project_summary,480,498
selenium_log_out,326,352
